lad_id,lad_ons,name,rgn_code,rgn_name,updated_at,tot_shops,R00,R01,R02,R03,R04,R05,R07,R08,R09,R11,R12,R13
21,E07000004,Aylesbury Vale,E12000008,South East,2019-03-17,1359,1,10,16,61,284,886,48,0,53,0,0,0
22,E07000005,Chiltern,E12000008,South East,2019-03-21,731,0,10,12,48,158,416,46,0,41,0,0,0
24,E07000006,South Buckinghamshire,E12000008,South East,2019-03-21,579,1,6,11,33,121,371,21,0,15,0,0,0
25,E07000007,Wycombe,E12000008,South East,2019-03-23,1165,10,52,34,127,175,623,59,0,85,0,0,0
27,E07000008,Cambridge City,E12000006,East of England,2019-03-12,1334,2,31,38,107,229,806,34,0,87,0,0,0
28,E07000009,East Cambridgeshire,E12000006,East of England,2019-03-23,672,1,5,8,37,104,430,36,0,46,0,0,0
29,E07000010,Fenland,E12000006,East of England,2019-03-20,706,2,11,4,40,80,526,4,0,39,0,0,0
30,E07000011,Huntingdonshire,E12000006,East of England,2019-03-22,1273,0,10,12,79,135,653,300,0,84,0,0,0
32,E07000012,South Cambridgeshire,E12000006,East of England,2019-03-06,1039,0,11,4,20,86,860,49,0,9,0,0,0
55,E07000026,Allerdale,E12000002,North West,2019-03-22,1107,3,18,21,89,218,657,1,0,100,0,0,0
56,E07000027,Barrow-in-Furness,E12000002,North West,2019-03-21,542,4,15,4,29,55,399,4,0,32,0,0,0
57,E07000028,Carlisle City,E12000002,North West,2019-03-21,857,0,4,6,22,82,695,23,0,25,0,0,0
58,E07000029,Copeland,E12000002,North West,2019-03-20,657,1,6,11,33,90,482,6,0,28,0,0,0
59,E07000030,Eden,E12000002,North West,2019-03-20,873,0,1,11,9,70,695,19,0,68,0,0,0
60,E07000031,South Lakeland,E12000002,North West,2019-03-23,1668,1,5,5,58,168,1313,3,0,114,0,0,0
62,E07000032,Amber Valley,E12000004,East Midlands,2019-03-22,1001,0,4,14,72,134,733,2,0,42,0,0,0
63,E07000033,Bolsover,E12000004,East Midlands,2019-03-19,690,4,10,5,18,42,519,33,0,59,0,0,0
64,E07000034,Chesterfield,E12000004,East Midlands,2019-03-21,921,0,9,5,21,154,652,17,0,63,0,0,0
66,E07000036,Erewash,E12000004,East Midlands,2019-03-22,900,0,4,15,34,152,624,16,0,55,0,0,0
67,E07000037,High Peak,E12000004,East Midlands,2019-03-21,716,0,6,5,41,87,560,13,0,4,0,0,0
68,E07000038,North East Derbyshire,E12000004,East Midlands,2019-03-19,782,0,6,4,22,107,560,28,0,55,0,0,0
69,E07000039,South Derbyshire,E12000004,East Midlands,2019-03-23,727,1,3,3,22,72,593,10,0,24,0,0,0
70,E07000035,Derbyshire Dales,E12000004,East Midlands,2019-03-18,936,1,22,13,60,123,668,2,0,47,0,0,0
72,E07000040,East Devon,E12000009,South West,2019-03-22,1430,1,23,23,110,286,852,0,0,135,0,0,0
73,E07000041,Exeter City,E12000009,South West,2019-03-21,1002,1,18,12,49,149,745,0,0,28,0,0,0
74,E07000042,Mid Devon,E12000009,South West,2019-03-22,515,1,2,5,16,35,454,2,0,0,0,0,0
75,E07000043,North Devon,E12000009,South West,2019-03-22,1435,0,1,0,16,118,1224,5,0,71,0,0,0
77,E07000044,South Hams,E12000009,South West,2019-03-23,1076,0,6,9,19,94,665,42,0,241,0,0,0
78,E07000045,Teignbridge,E12000009,South West,2019-03-22,1261,1,8,8,20,59,1094,32,0,44,0,0,0
80,E07000046,Torridge,E12000009,South West,2019-03-22,802,0,4,0,26,80,561,0,0,130,0,0,0
81,E07000047,West Devon,E12000009,South West,2019-03-21,564,0,9,8,9,45,396,30,0,67,0,0,0
84,E07000048,Christchurch,E12000009,South West,2019-03-22,424,0,3,2,10,45,280,32,0,52,0,0,0
85,E07000049,East Dorset,E12000009,South West,2019-03-22,660,0,1,3,16,40,468,61,0,69,0,0,0
86,E07000050,North Dorset,E12000009,South West,2019-03-21,764,0,4,0,21,43,428,9,0,259,0,0,0
88,E07000051,Purbeck,E12000009,South West,2019-03-23,570,0,0,3,22,73,468,0,0,4,0,0,0
89,E07000052,West Dorset,E12000009,South West,2019-03-23,1533,0,1,2,13,105,961,35,0,416,0,0,0
90,E07000053,Weymouth and Portland,E12000009,South West,2019-03-20,881,0,1,1,11,58,420,15,0,375,0,0,0
102,E07000061,Eastbourne,E12000008,South East,2019-03-14,1032,0,23,15,35,124,761,1,0,73,0,0,0
103,E07000062,Hastings,E12000008,South East,2019-03-22,832,0,3,2,14,67,668,65,0,13,0,0,0
105,E07000063,Lewes,E12000008,South East,2019-03-15,1055,0,43,12,34,80,703,57,0,126,0,0,0
106,E07000064,Rother,E12000008,South East,2019-03-23,938,0,2,8,100,197,613,17,0,1,0,0,0
107,E07000065,Wealden,E12000008,South East,2019-03-23,1341,0,3,3,126,256,896,29,0,28,0,0,0
109,E07000066,Basildon,E12000006,East of England,2019-03-20,1162,2,11,7,38,139,733,60,0,172,0,0,0
110,E07000067,Braintree,E12000006,East of England,2019-03-23,1125,0,13,9,42,164,806,21,0,70,0,0,0
111,E07000068,Brentwood,E12000006,East of England,2019-03-23,602,1,4,4,25,62,466,0,0,40,0,0,0
112,E07000069,Castle Point,E12000006,East of England,2019-03-23,466,1,13,18,20,65,320,5,0,24,0,0,0
113,E07000070,Chelmsford,E12000006,East of England,2019-03-23,1292,3,17,12,57,126,943,73,0,61,0,0,0
114,E07000071,Colchester,E12000006,East of England,2019-03-23,1487,0,11,13,32,147,1029,28,0,222,0,0,0
115,E07000072,Epping Forest,E12000006,East of England,2019-02-07,1054,1,13,8,71,132,643,27,0,159,0,0,0
116,E07000073,Harlow,E12000006,East of England,2019-03-20,589,1,13,7,20,81,405,11,0,51,0,0,0
117,E07000074,Maldon,E12000006,East of England,2019-03-22,568,1,1,1,16,36,437,2,0,74,0,0,0
118,E07000075,Rochford,E12000006,East of England,2019-03-20,590,1,5,9,15,56,422,46,0,36,0,0,0
120,E07000076,Tendring,E12000006,East of England,2019-03-19,1052,3,11,4,21,117,805,60,0,31,0,0,0
122,E07000077,Uttlesford,E12000006,East of England,2019-03-22,776,5,11,12,36,107,516,16,0,79,0,0,0
124,E07000078,Cheltenham,E12000009,South West,2019-03-23,911,0,5,3,73,209,590,4,0,26,0,0,0
125,E07000079,Cotswold,E12000009,South West,2019-03-23,904,2,4,6,57,144,628,3,0,60,0,0,0
126,E07000080,Forest of Dean,E12000009,South West,2019-03-20,669,1,6,1,18,67,438,67,0,71,0,0,0
127,E07000081,Gloucester City,E12000009,South West,2019-03-22,892,2,11,9,12,80,772,0,0,10,0,0,0
128,E07000082,Stroud,E12000009,South West,2019-03-23,921,1,18,15,69,142,596,1,0,79,0,0,0
129,E07000083,Tewkesbury,E12000009,South West,2019-03-22,642,0,11,14,43,134,404,20,0,16,0,0,0
131,E07000084,Basingstoke and Deane,E12000008,South East,2019-03-21,1026,0,7,6,39,135,608,11,0,220,0,0,0
132,E07000085,East Hampshire,E12000008,South East,2019-03-24,896,1,6,13,21,134,634,36,0,51,0,0,0
133,E07000086,Eastleigh,E12000008,South East,2019-03-20,871,0,4,10,22,74,615,24,0,122,0,0,0
134,E07000087,Fareham,E12000008,South East,2019-03-23,637,0,14,9,37,88,451,0,0,38,0,0,0
135,E07000088,Gosport,E12000008,South East,2019-03-21,530,0,4,2,28,68,409,0,0,19,0,0,0
136,E07000089,Hart,E12000008,South East,2019-03-22,605,2,8,13,46,99,379,22,0,36,0,0,0
137,E07000090,Havant,E12000008,South East,2019-03-19,867,0,4,7,20,41,653,24,0,118,0,0,0
138,E07000091,New Forest,E12000008,South East,2019-03-21,1424,1,16,13,66,229,1027,0,0,72,0,0,0
140,E07000092,Rushmoor,E12000008,South East,2019-03-21,650,1,2,19,52,134,369,0,0,73,0,0,0
142,E07000093,Test Valley,E12000008,South East,2019-03-23,898,0,10,11,47,130,631,29,0,40,0,0,0
143,E07000094,Winchester City,E12000008,South East,2019-03-23,862,1,10,7,28,97,690,5,0,23,0,0,0
145,E07000234,Bromsgrove,E12000005,West Midlands,2019-03-21,664,0,8,9,33,74,354,22,0,164,0,0,0
148,E07000235,Malvern Hills,E12000005,West Midlands,2019-03-22,723,0,7,6,35,76,343,38,0,218,0,0,0
149,E07000236,Redditch,E12000005,West Midlands,2019-03-22,492,0,6,10,23,49,227,28,0,149,0,0,0
151,E07000237,Worcester City,E12000005,West Midlands,2019-03-21,756,1,7,2,26,73,391,46,0,210,0,0,0
152,E07000238,Wychavon,E12000005,West Midlands,2019-03-21,948,0,10,9,55,100,452,42,0,280,0,0,0
153,E07000239,Wyre Forest,E12000005,West Midlands,2019-03-21,681,0,6,5,47,80,315,62,0,166,0,0,0
155,E07000095,Broxbourne,E12000006,East of England,2019-02-14,665,2,16,6,29,76,425,23,0,88,0,0,0
156,E07000096,Dacorum,E12000006,East of England,2019-03-13,1110,0,10,16,62,135,761,31,0,95,0,0,0
157,E07000242,East Hertfordshire,E12000006,East of England,2019-03-23,1287,0,17,24,49,223,730,145,0,99,0,0,0
158,E07000098,Hertsmere,E12000006,East of England,2019-03-20,755,3,41,29,46,193,310,16,0,117,0,0,0
159,E07000099,North Hertfordshire,E12000006,East of England,2019-03-21,1055,0,32,15,31,177,692,34,0,74,0,0,0
160,E07000240,St Albans City,E12000006,East of England,2019-03-20,923,3,10,18,68,165,576,19,0,64,0,0,0
161,E07000243,Stevenage,E12000006,East of England,2019-03-05,517,3,14,6,14,38,397,0,0,45,0,0,0
162,E07000102,Three Rivers,E12000006,East of England,2019-03-20,457,0,2,4,22,108,298,16,0,7,0,0,0
163,E07000103,Watford,E12000006,East of England,2019-03-22,719,5,27,19,42,109,456,8,0,53,0,0,0
164,E07000241,Welwyn Hatfield,E12000006,East of England,2019-02-15,750,2,11,21,50,91,378,97,0,100,0,0,0
179,E07000105,Ashford,E12000008,South East,2019-03-21,1069,0,4,4,20,98,859,36,0,48,0,0,0
180,E07000106,Canterbury City,E12000008,South East,2019-03-23,1582,0,0,9,131,254,993,52,0,143,0,0,0
181,E07000107,Dartford,E12000008,South East,2019-03-23,841,2,3,18,60,153,547,2,0,56,0,0,0
182,E07000108,Dover,E12000008,South East,2019-03-22,1132,3,8,14,62,157,814,0,0,74,0,0,0
184,E07000109,Gravesham,E12000008,South East,2019-03-15,679,0,8,10,26,105,499,19,0,12,0,0,0
185,E07000110,Maidstone,E12000008,South East,2019-03-22,1143,2,8,3,31,110,896,44,0,51,0,0,0
187,E07000111,Sevenoaks,E12000008,South East,2019-03-22,839,0,7,19,87,185,506,0,0,35,0,0,0
188,E07000112,Folkestone and Hythe,E12000008,South East,2019-03-22,1073,0,9,22,58,155,761,16,0,52,0,0,0
189,E07000113,Swale,E12000008,South East,2019-03-22,1054,1,17,13,34,130,793,52,0,13,0,0,0
190,E07000114,Thanet,E12000008,South East,2019-03-12,1348,2,9,7,5,79,1208,0,0,38,0,0,0
191,E07000115,Tonbridge and Malling,E12000008,South East,2019-03-23,960,0,10,20,77,190,578,25,0,60,0,0,0
192,E07000116,Tunbridge Wells,E12000008,South East,2019-03-21,972,2,11,7,23,91,747,58,0,33,0,0,0
196,E07000117,Burnley,E12000002,North West,2019-03-15,876,0,8,13,56,196,493,33,0,77,0,0,0
197,E07000118,Chorley,E12000002,North West,2019-03-22,892,0,13,10,55,114,589,11,0,100,0,0,0
198,E07000119,Fylde,E12000002,North West,2019-03-22,746,1,13,14,44,139,432,15,0,88,0,0,0
199,E07000120,Hyndburn,E12000002,North West,2019-03-23,717,6,27,28,80,206,313,30,0,27,0,0,0
200,E07000121,Lancaster City,E12000002,North West,2019-03-23,1186,4,18,19,58,182,854,51,0,0,0,0,0
201,E07000122,Pendle,E12000002,North West,2019-03-22,797,1,12,4,54,99,597,2,0,28,0,0,0
202,E07000123,Preston,E12000002,North West,2019-03-24,1285,0,21,24,114,185,855,26,0,60,0,0,0
203,E07000124,Ribble Valley,E12000002,North West,2019-03-21,636,0,2,4,12,51,486,31,0,50,0,0,0
204,E07000125,Rossendale,E12000002,North West,2019-03-14,587,3,8,4,26,57,406,39,0,44,0,0,0
205,E07000126,South Ribble,E12000002,North West,2019-03-14,578,0,4,5,38,63,435,3,0,30,0,0,0
206,E07000127,West Lancashire,E12000002,North West,2019-03-20,812,0,20,5,63,101,530,57,0,36,0,0,0
207,E07000128,Wyre,E12000002,North West,2019-03-22,985,0,10,14,53,129,662,12,0,105,0,0,0
209,E07000129,Blaby,E12000004,East Midlands,2019-03-21,644,1,15,17,53,84,400,2,0,72,0,0,0
210,E07000130,Charnwood,E12000004,East Midlands,2019-03-23,1306,3,13,23,42,136,1059,2,0,28,0,0,0
211,E07000131,Harborough,E12000004,East Midlands,2019-03-21,772,0,5,6,36,52,555,18,0,100,0,0,0
212,E07000132,Hinckley and Bosworth,E12000004,East Midlands,2019-03-23,852,0,4,12,55,147,576,0,0,59,0,0,0
214,E07000133,Melton,E12000004,East Midlands,2019-03-23,450,0,6,8,27,64,307,4,0,34,0,0,0
215,E07000134,North West Leicestershire,E12000004,East Midlands,2019-03-22,793,1,9,11,53,95,547,25,0,52,0,0,0
216,E07000135,Oadby and Wigston,E12000004,East Midlands,2019-03-23,352,1,3,4,16,34,259,14,0,21,0,0,0
219,E07000136,Boston,E12000004,East Midlands,2019-03-22,560,0,1,2,14,39,451,9,0,44,0,0,0
220,E07000137,East Lindsey,E12000004,East Midlands,2019-03-23,1827,5,32,20,78,149,1476,10,0,57,0,0,0
221,E07000138,Lincoln City,E12000004,East Midlands,2019-03-23,957,0,7,11,38,81,755,9,0,56,0,0,0
222,E07000139,North Kesteven,E12000004,East Midlands,2019-03-22,874,0,4,5,21,101,693,13,0,40,0,0,0
223,E07000140,South Holland,E12000004,East Midlands,2019-03-22,745,0,1,8,39,102,462,18,0,115,0,0,0
224,E07000141,South Kesteven,E12000004,East Midlands,2019-03-19,1159,0,6,13,34,86,816,4,0,200,0,0,0
225,E07000142,West Lindsey,E12000004,East Midlands,2019-03-21,848,0,19,1,56,100,444,60,0,168,0,0,0
227,E07000143,Breckland,E12000006,East of England,2019-03-23,1230,0,16,14,69,214,845,33,0,39,0,0,0
228,E07000144,Broadland,E12000006,East of England,2019-03-21,905,0,3,3,13,87,756,4,0,39,0,0,0
229,E07000145,Great Yarmouth,E12000006,East of England,2019-03-22,1041,1,11,14,64,167,766,0,0,18,0,0,0
230,E07000146,King's Lynn and West Norfolk,E12000006,East of England,2019-03-23,1476,2,20,19,87,199,935,87,0,127,0,0,0
231,E07000147,North Norfolk,E12000006,East of England,2019-03-22,1712,5,11,17,61,161,1084,342,0,31,0,0,0
232,E07000148,Norwich City,E12000006,East of England,2019-03-23,1424,0,28,19,147,351,797,24,0,65,0,0,0
233,E07000149,South Norfolk,E12000006,East of England,2019-03-19,1005,2,1,3,16,57,760,41,0,125,0,0,0
235,E07000150,Corby,E12000004,East Midlands,2019-03-21,389,0,6,6,20,60,290,3,0,4,0,0,0
236,E07000151,Daventry,E12000004,East Midlands,2019-03-22,747,0,2,1,8,68,596,2,0,70,0,0,0
237,E07000152,East Northamptonshire,E12000004,East Midlands,2019-03-19,742,0,1,4,26,103,519,8,0,81,0,0,0
238,E07000153,Kettering,E12000004,East Midlands,2019-03-23,774,0,12,5,30,104,603,0,0,20,0,0,0
239,E07000154,Northampton,E12000004,East Midlands,2019-03-19,1689,3,44,39,233,355,875,63,0,77,0,0,0
240,E07000155,South Northamptonshire,E12000004,East Midlands,2019-03-22,780,0,12,4,39,100,540,46,0,39,0,0,0
241,E07000156,Wellingborough,E12000004,East Midlands,2019-03-22,635,1,8,11,41,107,438,7,0,22,0,0,0
250,E07000163,Craven,E12000003,Yorkshire and The Humber,2019-03-23,787,0,2,4,10,63,464,204,0,40,0,0,0
251,E07000164,Hambleton,E12000003,Yorkshire and The Humber,2019-03-22,904,1,9,12,31,65,690,58,0,38,0,0,0
252,E07000165,Harrogate,E12000003,Yorkshire and The Humber,2019-03-22,1408,0,2,2,26,110,1118,47,0,103,0,0,0
253,E07000166,Richmondshire,E12000003,Yorkshire and The Humber,2019-03-21,608,1,4,8,10,43,527,2,0,13,0,0,0
254,E07000167,Ryedale,E12000003,Yorkshire and The Humber,2019-03-20,572,1,5,9,19,124,396,15,0,3,0,0,0
255,E07000168,Scarborough,E12000003,Yorkshire and The Humber,2019-03-23,1628,0,9,32,73,214,1258,0,0,42,0,0,0
256,E07000169,Selby,E12000003,Yorkshire and The Humber,2019-03-22,637,1,5,12,30,107,466,0,0,15,0,0,0
259,E07000170,Ashfield,E12000004,East Midlands,2019-03-13,828,3,10,9,21,67,684,0,0,34,0,0,0
260,E07000171,Bassetlaw,E12000004,East Midlands,2019-03-22,940,0,3,3,20,47,799,2,0,70,0,0,0
261,E07000172,Broxtowe,E12000004,East Midlands,2019-03-22,785,5,25,21,86,129,449,40,0,30,0,0,0
262,E07000173,Gedling,E12000004,East Midlands,2019-03-24,676,0,2,8,23,57,503,1,0,82,0,0,0
263,E07000174,Mansfield,E12000004,East Midlands,2019-03-21,777,2,20,30,72,124,466,1,0,62,0,0,0
264,E07000175,Newark and Sherwood,E12000004,East Midlands,2019-03-23,1016,2,14,4,43,63,840,8,0,46,0,0,0
266,E07000176,Rushcliffe,E12000004,East Midlands,2019-03-21,751,0,16,8,52,53,536,34,0,52,0,0,0
268,E07000177,Cherwell,E12000008,South East,2019-03-24,1093,1,12,17,52,128,748,111,0,22,0,0,0
269,E07000178,Oxford City,E12000008,South East,2019-03-23,1351,2,22,36,109,228,929,2,0,23,0,0,0
270,E07000179,South Oxfordshire,E12000008,South East,2019-03-21,1169,1,12,32,113,193,669,27,0,122,0,0,0
271,E07000180,Vale of White Horse,E12000008,South East,2019-03-22,944,2,11,26,76,165,583,25,0,56,0,0,0
272,E07000181,West Oxfordshire,E12000008,South East,2019-03-21,896,0,2,5,6,73,704,1,0,105,0,0,0
281,E07000187,Mendip,E12000009,South West,2019-03-20,1239,3,3,12,30,114,922,2,0,153,0,0,0
282,E07000188,Sedgemoor,E12000009,South West,2019-03-20,1276,1,5,5,22,111,959,16,0,157,0,0,0
283,E07000189,South Somerset,E12000009,South West,2019-03-20,1743,0,5,13,56,166,1275,58,0,170,0,0,0
284,E07000190,Taunton Deane,E12000009,South West,2019-03-20,910,0,6,12,26,147,719,0,0,0,0,0,0
285,E07000191,West Somerset,E12000009,South West,2019-02-28,534,0,2,8,10,80,400,0,0,34,0,0,0
287,E07000192,Cannock Chase,E12000005,West Midlands,2019-03-22,775,0,4,4,23,63,664,1,0,15,0,0,0
288,E07000193,East Staffordshire,E12000005,West Midlands,2019-03-22,969,1,19,21,68,257,598,5,0,0,0,0,0
289,E07000194,Lichfield,E12000005,West Midlands,2019-03-22,805,4,28,8,41,116,456,22,0,130,0,0,0
290,E07000195,Newcastle-Under-Lyme,E12000005,West Midlands,2019-03-15,959,0,11,6,46,136,690,16,0,54,0,0,0
291,E07000196,South Staffordshire,E12000005,West Midlands,2019-03-22,645,1,12,9,48,118,452,5,0,0,0,0,0
292,E07000197,Stafford,E12000005,West Midlands,2019-03-23,1156,1,22,34,118,240,742,1,0,0,0,0,0
293,E07000198,Staffordshire Moorlands,E12000005,West Midlands,2019-03-22,709,1,8,9,60,162,446,23,0,0,0,0,0
295,E07000199,Tamworth,E12000005,West Midlands,2019-03-22,491,2,17,6,8,62,341,1,0,54,0,0,0
297,E07000200,Babergh,E12000006,East of England,2019-03-19,856,0,7,3,28,85,548,40,0,145,0,0,0
298,E07000201,Forest Heath,E12000006,East of England,2019-03-23,544,0,3,2,14,63,385,6,0,71,0,0,0
299,E07000202,Ipswich,E12000006,East of England,2019-03-24,997,0,10,11,12,114,774,76,0,0,0,0,0
300,E07000203,Mid Suffolk,E12000006,East of England,2019-03-22,852,0,3,13,19,90,496,31,0,200,0,0,0
301,E07000204,St Edmundsbury,E12000006,East of England,2019-03-23,935,2,13,7,17,58,717,25,0,96,0,0,0
302,E07000205,East Suffolk,E12000006,East of England,2019-03-24,2322,2,20,28,60,237,1826,41,0,106,0,0,0
305,E07000207,Elmbridge,E12000008,South East,2019-03-14,1023,1,11,7,22,123,801,0,0,58,0,0,0
306,E07000208,Epsom and Ewell,E12000008,South East,2019-03-18,457,1,15,13,43,84,236,23,0,42,0,0,0
307,E07000209,Guildford,E12000008,South East,2019-03-24,928,2,13,6,46,146,598,0,0,115,0,0,0
308,E07000210,Mole Valley,E12000008,South East,2019-03-23,696,0,7,6,41,99,475,30,0,38,0,0,0
309,E07000211,Reigate and Banstead,E12000008,South East,2019-03-18,848,3,8,9,37,75,595,3,0,118,0,0,0
310,E07000212,Runnymede,E12000008,South East,2019-03-22,621,2,10,27,51,60,417,0,0,54,0,0,0
311,E07000213,Spelthorne,E12000008,South East,2019-03-23,722,0,28,13,37,123,428,22,0,70,0,0,0
312,E07000214,Surrey Heath,E12000008,South East,2019-03-21,573,0,17,2,21,59,425,7,0,42,0,0,0
313,E07000215,Tandridge,E12000008,South East,2018-12-13,683,0,4,7,59,121,446,19,0,27,0,0,0
314,E07000216,Waverley,E12000008,South East,2019-03-23,1042,2,24,21,76,145,731,3,0,40,0,0,0
315,E07000217,Woking,E12000008,South East,2019-03-21,746,3,13,3,16,43,591,0,0,77,0,0,0
317,E07000218,North Warwickshire,E12000005,West Midlands,2019-03-22,577,1,11,12,47,91,403,2,0,10,0,0,0
318,E07000219,Nuneaton and Bedworth,E12000005,West Midlands,2019-03-24,815,0,7,8,31,139,551,24,0,55,0,0,0
319,E07000220,Rugby,E12000005,West Midlands,2019-03-22,819,7,37,20,55,108,532,25,0,35,0,0,0
320,E07000221,Stratford-on-Avon,E12000005,West Midlands,2019-03-21,1304,0,7,12,56,164,875,46,0,144,0,0,0
321,E07000222,Warwick,E12000005,West Midlands,2019-03-22,1333,4,31,26,32,78,922,99,0,141,0,0,0
323,E07000223,Adur,E12000008,South East,2019-03-19,429,0,7,1,8,48,337,0,0,28,0,0,0
324,E07000224,Arun,E12000008,South East,2019-03-23,1070,0,7,18,50,207,742,0,0,46,0,0,0
325,E07000225,Chichester,E12000008,South East,2019-03-22,1356,2,12,25,44,163,998,54,0,58,0,0,0
326,E07000226,Crawley,E12000008,South East,2019-03-23,841,0,3,4,22,86,572,2,0,152,0,0,0
327,E07000227,Horsham,E12000008,South East,2019-03-23,1074,1,7,11,21,203,800,9,0,25,0,0,0
328,E07000228,Mid Sussex,E12000008,South East,2019-03-23,1219,0,16,9,35,79,985,15,0,80,0,0,0
329,E07000229,Worthing,E12000008,South East,2019-03-23,914,1,21,8,37,121,696,0,0,30,0,0,0
336,E06000053,Isles of Scilly,E12000009,South West,2019-03-18,98,0,0,1,1,21,72,0,0,3,0,0,0
401,E08000016,Barnsley,E12000003,Yorkshire and The Humber,2019-03-24,1777,2,29,14,75,253,1230,66,0,108,0,0,0
402,E08000025,Birmingham,E12000005,West Midlands,2019-03-23,6847,110,463,275,524,1145,3563,462,0,304,0,0,0
403,E08000001,Bolton,E12000002,North West,2019-03-24,2157,7,81,109,243,568,948,120,0,88,0,0,0
404,E08000032,Bradford,E12000003,Yorkshire and The Humber,2019-03-23,3978,6,92,124,290,616,2381,262,0,207,0,0,0
405,E08000002,Bury,E12000002,North West,2019-03-19,1172,4,29,7,78,115,815,124,0,0,0,0,0
406,E08000033,Calderdale,E12000003,Yorkshire and The Humber,2019-03-20,2072,5,43,50,161,335,983,42,0,453,0,0,0
407,E08000026,Coventry,E12000005,West Midlands,2019-03-21,2331,6,32,48,183,345,1661,0,0,56,0,0,0
408,E08000017,Doncaster,E12000003,Yorkshire and The Humber,2019-03-23,2750,11,87,79,195,455,1773,1,0,149,0,0,0
409,E08000027,Dudley,E12000005,West Midlands,2019-03-23,2220,3,92,54,245,547,1104,18,0,157,0,0,0
410,E08000037,Gateshead,E12000001,North East,2019-03-23,1534,2,15,38,86,298,976,119,0,0,0,0,0
411,E08000034,Kirklees,E12000003,Yorkshire and The Humber,2019-03-24,3645,7,100,83,326,787,2027,217,0,98,0,0,0
412,E08000011,Knowsley,E12000002,North West,2019-03-23,663,0,13,18,57,106,416,1,0,53,0,0,0
413,E08000035,Leeds,E12000003,Yorkshire and The Humber,2019-03-23,4894,4,62,86,271,1409,2997,0,0,65,0,0,0
414,E08000012,Liverpool,E12000002,North West,2019-03-23,3431,30,133,137,355,629,2033,38,0,75,0,0,0
415,E08000003,Manchester,E12000002,North West,2019-03-21,4216,7,197,118,423,719,2592,0,0,160,0,0,0
416,E08000021,Newcastle Upon Tyne,E12000001,North East,2019-03-23,2427,3,51,52,126,415,1511,208,0,59,0,0,0
417,E08000022,North Tyneside,E12000001,North East,2019-03-21,1305,1,27,32,63,246,884,0,0,52,0,0,0
418,E08000004,Oldham,E12000002,North West,2019-03-23,1685,6,33,69,130,281,1073,23,0,67,0,0,0
419,E08000005,Rochdale,E12000002,North West,2019-03-22,1602,3,30,31,141,266,833,65,0,233,0,0,0
420,E08000018,Rotherham,E12000003,Yorkshire and The Humber,2019-03-22,1946,9,109,35,101,213,1370,35,0,74,0,0,0
421,E08000013,St Helens,E12000002,North West,2019-03-23,1126,3,34,42,151,259,636,1,0,0,0,0,0
422,E08000006,Salford,E12000002,North West,2019-03-23,1876,3,73,29,146,290,1168,38,0,132,0,0,0
423,E08000028,Sandwell,E12000005,West Midlands,2019-03-23,2227,7,63,67,420,422,1108,5,0,135,0,0,0
424,E08000014,Sefton,E12000002,North West,2019-03-23,2062,1,18,29,133,215,1562,26,0,78,0,0,0
425,E08000019,Sheffield,E12000003,Yorkshire and The Humber,2019-03-23,3585,6,100,90,298,635,1998,413,0,45,0,0,0
426,E08000029,Solihull,E12000005,West Midlands,2019-03-16,1440,2,34,18,115,205,918,137,0,11,0,0,0
427,E08000023,South Tyneside,E12000001,North East,2019-03-21,1064,0,16,32,83,215,657,0,0,61,0,0,0
428,E08000007,Stockport,E12000002,North West,2019-03-24,2151,3,59,47,161,439,1161,67,0,214,0,0,0
429,E08000024,Sunderland,E12000001,North East,2019-03-22,2045,2,22,16,345,312,1229,28,0,130,0,0,0
430,E08000008,Tameside,E12000002,North West,2019-03-22,1458,2,13,47,241,238,917,0,0,0,0,0,0
431,E08000009,Trafford,E12000002,North West,2019-03-23,2056,7,65,92,175,290,1165,130,0,132,0,0,0
432,E08000036,Wakefield,E12000003,Yorkshire and The Humber,2019-03-23,2577,3,53,36,124,370,1547,382,0,62,0,0,0
433,E08000030,Walsall,E12000005,West Midlands,2019-03-24,1705,5,71,73,301,342,755,14,0,144,0,0,0
434,E08000010,Wigan,E12000002,North West,2019-03-23,1960,4,115,78,305,469,987,0,0,0,0,0,0
435,E08000015,Wirral,E12000002,North West,2019-03-24,2183,14,44,64,282,379,1213,1,0,186,0,0,0
436,E08000031,Wolverhampton,E12000005,West Midlands,2019-03-22,1748,5,41,30,115,236,1134,130,0,57,0,0,0
501,E09000002,Barking and Dagenham,E12000007,London,2019-03-22,1010,5,98,35,154,247,417,0,0,54,0,0,0
502,E09000003,Barnet,E12000007,London,2019-03-23,2055,6,49,73,250,394,1228,0,0,55,0,0,0
503,E09000004,Bexley,E12000007,London,2019-03-23,1467,3,33,43,157,324,784,61,0,62,0,0,0
504,E09000005,Brent,E12000007,London,2019-03-20,2017,5,86,104,282,544,882,58,0,56,0,0,0
505,E09000006,Bromley,E12000007,London,2019-03-23,2214,4,58,57,261,330,979,424,0,101,0,0,0
506,E09000007,Camden,E12000007,London,2019-03-24,2864,28,175,155,524,619,1265,2,0,95,0,0,0
507,E09000008,Croydon,E12000007,London,2019-03-18,2551,13,174,52,344,533,1240,177,0,18,0,0,0
508,E09000001,City of London Corporation,E12000007,London,2019-03-22,1803,3,32,36,80,250,1290,42,0,70,0,0,0
509,E09000009,Ealing,E12000007,London,2019-03-24,2559,28,209,178,347,502,949,140,0,205,0,0,0
510,E09000010,Enfield,E12000007,London,2019-03-23,2076,14,135,96,227,470,996,98,0,38,0,0,0
511,E09000011,Greenwich,E12000007,London,2019-03-22,1735,9,60,43,108,359,1023,35,0,109,0,0,0
512,E09000012,Hackney,E12000007,London,2019-03-23,2400,12,77,169,541,563,904,3,0,131,0,0,0
513,E09000013,Hammersmith and Fulham,E12000007,London,2019-03-21,1801,1,44,46,187,286,1120,73,0,44,0,0,0
514,E09000014,Haringey,E12000007,London,2019-03-21,1773,4,39,48,117,290,1135,1,0,139,0,0,0
515,E09000015,Harrow,E12000007,London,2019-03-23,1337,9,55,98,275,297,514,40,0,47,0,0,0
516,E09000016,Havering,E12000007,London,2019-03-22,1644,2,55,54,135,360,787,56,0,195,0,0,0
517,E09000017,Hillingdon,E12000007,London,2019-03-22,1916,12,85,88,229,411,922,0,0,169,0,0,0
518,E09000018,Hounslow,E12000007,London,2019-03-21,1622,10,107,64,149,349,770,28,0,145,0,0,0
519,E09000019,Islington,E12000007,London,2019-03-22,2139,9,99,145,318,454,842,1,0,272,0,0,0
520,E09000020,Kensington and Chelsea,E12000007,London,2019-03-21,1712,4,19,35,149,288,1117,53,0,47,0,0,0
521,E09000021,Kingston-Upon-Thames,E12000007,London,2019-03-24,1050,4,22,24,113,181,654,4,0,48,0,0,0
522,E09000022,Lambeth,E12000007,London,2019-03-23,3070,13,128,115,360,675,1008,707,0,64,0,0,0
523,E09000023,Lewisham,E12000007,London,2019-03-20,2035,7,83,133,338,433,909,0,0,132,0,0,0
524,E09000024,Merton,E12000007,London,2019-03-23,1323,3,17,32,147,275,774,4,0,70,0,0,0
525,E09000025,Newham,E12000007,London,2019-03-22,1865,10,132,104,284,324,971,20,0,20,0,0,0
526,E09000026,Redbridge,E12000007,London,2019-03-23,1683,6,177,22,87,186,1054,73,0,78,0,0,0
527,E09000027,Richmond-Upon-Thames,E12000007,London,2019-03-21,1434,3,25,35,137,278,770,145,0,41,0,0,0
528,E09000028,Southwark,E12000007,London,2019-03-23,2754,4,63,111,300,633,1531,1,0,109,0,0,0
529,E09000029,Sutton,E12000007,London,2019-03-21,945,1,21,19,113,154,486,128,0,23,0,0,0
530,E09000030,Tower Hamlets,E12000007,London,2019-03-24,2583,32,185,101,196,537,1456,76,0,0,0,0,0
531,E09000031,Waltham Forest,E12000007,London,2019-03-24,1735,28,71,76,241,355,767,144,0,66,0,0,0
532,E09000032,Wandsworth,E12000007,London,2019-03-22,2177,8,76,76,263,423,1209,36,0,86,0,0,0
533,E09000033,Westminster,E12000007,London,2019-03-23,4423,26,133,353,372,1034,2300,134,3,68,0,0,0
550,W06000003,Conwy,,,2019-03-24,1645,0,10,9,38,155,1270,80,0,83,0,0,0
551,W06000001,Anglesey,,,2019-03-21,715,0,4,7,37,102,565,0,0,0,0,0,0
552,W06000019,Blaenau Gwent,,,2019-03-24,612,2,16,22,57,192,238,13,0,72,0,0,0
553,W06000013,Bridgend,,,2019-03-22,1297,1,10,21,155,318,634,42,2,114,0,0,0
554,W06000002,Gwynedd,,,2019-03-22,2038,2,9,4,57,166,1673,0,0,127,0,0,0
555,W06000018,Caerphilly,,,2019-03-23,1430,1,28,27,201,335,744,0,0,93,0,0,0
556,W06000015,Cardiff,,,2019-03-24,3281,6,82,83,321,721,1726,158,2,180,0,0,0
557,W06000008,Ceredigion,,,2019-03-16,1142,1,31,35,71,213,682,24,0,85,0,0,0
558,W06000010,Carmarthenshire,,,2019-03-23,1695,1,28,10,79,265,1293,18,1,0,0,0,0
559,W06000004,Denbighshire,,,2019-03-24,987,7,20,15,32,88,796,0,0,29,0,0,0
560,W06000005,Flintshire,,,2019-03-23,1136,1,14,10,29,153,882,0,0,47,0,0,0
561,W06000024,Merthyr Tydfil,,,2019-03-23,504,0,23,15,89,138,239,0,0,0,0,0,0
562,W06000021,Monmouthshire,,,2019-03-23,919,0,13,16,76,186,628,0,0,0,0,0,0
563,W06000012,Neath Port Talbot,,,2019-03-22,1031,2,31,27,76,229,666,0,0,0,0,0,0
564,W06000022,Newport,,,2019-03-21,1372,3,28,28,85,255,826,0,0,147,0,0,0
565,W06000009,Pembrokeshire,,,2019-03-23,1841,0,28,22,46,260,1485,0,0,0,0,0,0
566,W06000023,Powys,,,2019-03-22,2275,7,50,54,111,486,1385,0,0,182,0,0,0
567,W06000016,Rhondda Cynon Taf,,,2019-03-24,1935,2,53,64,290,545,815,31,2,146,0,0,0
568,W06000011,Swansea,,,2019-03-23,1831,4,35,36,136,351,1267,2,0,0,0,0,0
569,W06000020,Torfaen,,,2019-03-23,768,2,27,24,85,199,314,20,0,98,0,0,0
570,W06000014,Vale of Glamorgan,,,2019-03-22,1234,2,20,28,153,269,563,34,2,163,0,0,0
571,W06000006,Wrexham,,,2019-03-23,1034,0,13,5,23,94,870,0,0,29,0,0,0
701,E06000055,Bedford,E12000006,East of England,2019-03-24,1397,0,13,41,78,262,894,53,0,56,0,0,0
702,E06000056,Central Bedfordshire,E12000006,East of England,2019-03-14,1350,0,3,22,121,246,778,125,0,55,0,0,0
703,E06000049,Cheshire East,E12000002,North West,2019-03-23,2489,3,24,20,118,324,1956,31,0,12,0,0,0
704,E06000050,Cheshire West and Chester,E12000002,North West,2019-03-21,3011,3,42,28,137,389,1805,250,0,360,0,0,0
705,E06000052,Cornwall,E12000009,South West,2019-03-22,4652,4,39,42,278,686,3582,4,0,20,0,0,0
706,E06000047,Durham,E12000001,North East,2019-03-23,4327,1,43,119,382,867,2414,141,1,359,0,0,0
707,E06000057,Northumberland,E12000001,North East,2019-03-22,3429,4,29,22,88,374,2471,169,0,272,0,0,0
708,E06000051,Shropshire,E12000005,West Midlands,2019-03-24,2413,1,12,26,125,339,1910,0,0,0,0,0,0
709,E06000054,Wiltshire,E12000009,South West,2019-03-23,3701,2,69,83,214,468,1954,148,0,763,0,0,0
760,S12000033,Aberdeen City,,,2019-03-12,1802,0,0,0,0,0,0,0,0,0,379,1416,7
761,S12000034,Aberdeenshire,,,2019-03-19,2101,0,0,0,0,0,0,216,0,198,123,1532,32
762,S12000041,Angus,,,2019-02-08,913,0,0,0,0,0,0,116,0,0,36,752,9
763,S12000035,Argyll and Bute,,,2019-03-15,907,0,0,0,0,0,0,21,0,53,57,716,60
764,S12000008,East Ayrshire,,,2019-03-08,1070,0,0,0,0,0,0,0,0,252,13,804,1
765,S12000021,North Ayrshire,,,2019-03-22,1343,0,0,0,0,0,0,23,0,43,80,1192,6
766,S12000028,South Ayrshire,,,2019-02-14,1311,,,,,,,,,,,,
767,S12000026,Scottish Borders,,,2019-03-22,1539,0,0,0,0,0,0,0,0,31,121,1340,53
768,S12000005,Clackmannanshire,,,2019-03-11,487,0,0,0,0,0,0,19,0,32,55,381,0
769,S12000039,West Dunbartonshire,,,2019-03-21,745,0,0,0,0,0,0,0,0,4,26,679,36
770,S12000006,Dumfries and Galloway,,,2019-02-14,1515,0,0,0,0,0,0,5,0,3,64,1360,83
771,S12000045,East Dunbartonshire,,,2019-03-20,577,0,0,0,0,0,0,0,0,0,47,530,0
772,S12000042,Dundee City,,,2019-03-22,1444,0,0,0,0,0,0,6,0,98,168,1172,0
773,S12000036,Edinburgh (City of),,,2019-03-22,4259,0,0,0,0,0,0,0,0,0,776,3424,59
774,S12000014,Falkirk,,,2019-03-18,1236,0,0,0,0,0,0,53,0,173,59,944,7
775,S12000047,Fife,,,2019-03-19,4090,0,0,0,0,0,0,256,0,124,145,3505,60
776,S12000046,Glasgow City,,,2019-03-22,5298,0,0,0,0,0,0,994,0,0,623,3598,83
777,S12000017,Highland,,,2019-03-22,3899,0,0,0,0,0,0,1047,0,175,391,2255,31
778,S12000018,Inverclyde,,,2019-03-22,582,,,,,,,,,,,,
779,S12000044,North Lanarkshire,,,2019-03-22,2617,0,0,0,0,0,0,19,0,18,141,2439,0
780,S12000029,South Lanarkshire,,,2019-03-22,2213,0,0,0,0,0,0,159,0,36,245,1705,68
781,S12000010,East Lothian,,,2019-03-23,864,0,0,0,0,0,0,0,0,18,22,821,3
782,S12000040,West Lothian,,,2019-03-21,961,0,0,0,0,0,0,42,0,0,31,888,0
783,S12000019,Midlothian,,,2019-03-22,620,0,0,0,0,0,0,0,0,63,80,477,0
784,S12000020,Moray,,,2019-03-22,1084,0,0,0,0,0,0,130,0,47,110,792,0
785,S12000023,Orkney Islands,,,2019-03-15,311,0,0,0,0,0,0,1,0,0,0,310,0
786,S12000048,Perth and Kinross,,,2019-03-19,1038,0,0,0,0,0,0,62,0,0,19,957,0
787,S12000011,East Renfrewshire,,,2019-03-15,652,0,0,0,0,0,0,57,0,20,12,563,0
788,S12000038,Renfrewshire,,,2019-03-22,1372,0,0,0,0,0,0,2,0,130,35,1191,14
789,S12000027,Shetland Islands,,,2019-03-22,346,0,0,0,0,0,0,14,0,143,41,139,8
790,S12000030,Stirling,,,2019-03-21,1291,,,,,,,,,,,,
791,S12000013,Comhairle nan Eilean Siar (Western Isles),,,2019-03-18,443,0,0,0,0,0,0,8,0,20,17,371,27
801,N09000001,Antrim and Newtownabbey,,,2019-03-21,1107,0,9,10,57,151,738,17,0,125,0,0,0
802,N09000011,Ards and North Down,,,2019-03-22,1288,0,7,6,55,172,875,78,0,93,0,0,0
803,N09000002,"Armagh City, Banbridge and Craigavon",,,2019-03-22,1653,1,3,5,50,233,1199,67,0,91,0,0,0
804,N09000008,Mid and East Antrim,,,2019-03-23,1138,0,3,2,40,164,775,19,0,135,0,0,0
805,N09000004,Causeway Coast and Glens,,,2019-03-22,1473,0,5,21,32,167,1139,40,0,69,0,0,0
807,N09000003,Belfast City,,,2019-03-23,3036,0,13,27,222,568,1949,62,1,194,0,0,0
809,N09000007,Lisburn and Castlereagh City,,,2019-03-22,849,2,1,10,17,83,658,27,0,51,0,0,0
811,N09000009,Mid Ulster,,,2019-03-23,1286,0,0,5,38,175,999,16,0,53,0,0,0
813,N09000005,Derry City and Strabane,,,2019-03-21,1298,0,3,3,66,222,883,22,0,99,0,0,0
814,N09000010,"Newry, Mourne and Down",,,2019-03-22,1578,0,5,4,40,195,1194,54,0,86,0,0,0
816,N09000006,Fermanagh and Omagh,,,2019-03-21,1349,0,0,13,65,213,932,25,0,101,0,0,0
855,E06000023,Bristol,E12000009,South West,2019-03-24,4040,17,104,62,196,616,2407,440,0,198,0,0,0
856,E06000025,South Gloucestershire,E12000009,South West,2019-03-12,1811,4,30,24,109,181,1064,0,0,399,0,0,0
857,E06000022,Bath and North East Somerset,E12000009,South West,2019-03-22,1705,0,12,19,109,206,1038,0,0,321,0,0,0
858,E06000024,North Somerset,E12000009,South West,2019-03-23,971,4,31,12,89,218,612,0,0,5,0,0,0
859,E06000001,Hartlepool,E12000001,North East,2019-03-21,736,1,2,1,32,80,579,4,0,37,0,0,0
860,E06000003,Redcar and Cleveland,E12000001,North East,2019-03-21,1025,0,15,12,38,81,810,20,0,49,0,0,0
861,E06000002,Middlesbrough,E12000001,North East,2019-03-19,1135,8,13,29,64,100,743,113,0,65,0,0,0
862,E06000004,Stockton On Tees,E12000001,North East,2019-03-19,1481,2,11,6,56,135,1139,14,0,118,0,0,0
863,E06000011,East Riding of Yorkshire,E12000003,Yorkshire and The Humber,2019-03-23,2948,3,38,41,245,422,2080,1,0,117,0,0,0
864,E06000013,North Lincolnshire,E12000003,Yorkshire and The Humber,2019-03-22,1370,7,35,31,109,238,857,0,0,93,0,0,0
865,E06000012,North East Lincolnshire,E12000003,Yorkshire and The Humber,2019-03-21,1353,1,6,16,41,96,1114,0,0,79,0,0,0
866,E06000010,Hull City,E12000003,Yorkshire and The Humber,2019-03-23,2094,15,63,53,156,256,1309,105,0,137,0,0,0
867,E06000046,Isle of Wight,E12000008,South East,2019-03-23,1968,4,29,70,115,268,1123,217,1,141,0,0,0
868,E06000014,York,E12000003,Yorkshire and The Humber,2019-03-22,1895,2,28,35,119,313,1230,68,0,100,0,0,0
869,E06000032,Luton,E12000006,East of England,2019-03-18,1094,19,48,55,158,207,579,12,0,16,0,0,0
870,E06000042,Milton Keynes,E12000008,South East,2019-03-23,1997,2,8,30,109,348,1338,54,0,108,0,0,0
871,E06000015,Derby City,E12000004,East Midlands,2019-03-22,1767,4,21,19,101,233,1305,0,0,84,0,0,0
872,E06000028,Bournemouth,E12000009,South West,2019-03-19,1832,3,21,55,73,212,1323,24,0,121,0,0,0
873,E06000029,Poole,E12000009,South West,2019-03-23,815,0,1,18,58,80,531,58,0,69,0,0,0
874,E06000005,Darlington,E12000001,North East,2019-03-22,908,2,10,8,22,44,746,20,0,59,0,0,0
875,E06000043,Brighton and Hove,E12000008,South East,2019-03-23,3081,1,44,39,217,591,1858,169,0,162,0,0,0
876,E06000044,Portsmouth,E12000008,South East,2019-03-22,1785,6,46,45,165,264,1126,98,0,35,0,0,0
877,E06000045,Southampton,E12000008,South East,2019-03-22,1334,0,8,6,53,170,1042,42,0,13,0,0,0
878,E06000016,Leicester City,E12000004,East Midlands,2019-03-22,2770,16,105,135,426,466,1511,85,0,26,0,0,0
879,E06000017,Rutland,E12000004,East Midlands,2019-03-13,412,0,6,0,10,59,285,26,0,26,0,0,0
880,E06000021,Stoke-On-Trent,E12000005,West Midlands,2019-03-23,1916,3,78,36,207,359,1100,0,0,149,0,0,0
881,E06000030,Swindon,E12000009,South West,2019-03-22,1500,10,36,32,113,270,876,2,0,161,0,0,0
882,E06000036,Bracknell Forest,E12000008,South East,2019-03-23,689,0,5,8,35,119,469,13,0,40,0,0,0
883,E06000037,West Berkshire,E12000008,South East,2019-03-23,1145,0,9,21,59,172,811,35,0,38,0,0,0
884,E06000038,Reading,E12000008,South East,2019-03-21,1216,2,55,33,93,199,727,0,0,107,0,0,0
885,E06000039,Slough,E12000008,South East,2019-03-20,720,2,69,49,101,127,337,0,0,35,0,0,0
886,E06000040,Windsor and Maidenhead,E12000008,South East,2019-03-12,1259,0,13,16,67,176,937,6,0,44,0,0,0
887,E06000041,Wokingham,E12000008,South East,2019-03-21,930,1,3,12,39,114,664,13,0,84,0,0,0
888,E06000031,Peterborough City,E12000006,East of England,2019-03-21,1662,1,24,38,62,232,1041,141,0,123,0,0,0
889,E06000006,Halton,E12000002,North West,2019-03-22,908,0,15,14,53,98,642,6,0,79,0,0,0
890,E06000007,Warrington,E12000002,North West,2019-03-22,1740,0,15,17,61,172,1278,50,0,155,0,0,0
891,E06000026,Plymouth City,E12000009,South West,2019-03-21,1529,5,40,11,87,222,1163,1,0,0,0,0,0
892,E06000027,Torbay,E12000009,South West,2019-03-23,1096,7,27,11,41,176,834,0,0,0,0,0,0
893,E06000033,Southend-On-Sea,E12000006,East of England,2019-03-23,1557,2,94,48,157,278,810,7,0,168,0,0,0
894,E06000034,Thurrock,E12000006,East of England,2019-03-19,978,2,17,11,74,156,616,40,0,62,0,0,0
895,E06000019,Herefordshire,E12000005,West Midlands,2019-03-23,1906,0,12,36,118,300,1077,88,0,280,0,0,0
896,E06000035,Medway,E12000008,South East,2019-03-21,1713,3,11,18,56,174,1378,20,0,53,0,0,0
897,E06000008,Blackburn,E12000002,North West,2019-03-22,1180,2,43,35,105,204,573,67,0,151,0,0,0
898,E06000009,Blackpool,E12000002,North West,2019-03-23,1731,1,38,44,156,394,1098,0,0,0,0,0,0
899,E06000018,Nottingham City,E12000004,East Midlands,2019-03-23,2664,6,64,27,129,251,1953,70,0,164,0,0,0
900,E06000020,Telford and Wrekin Council,E12000005,West Midlands,2019-03-21,1266,6,51,21,55,146,855,64,0,68,0,0,0
